INSERT INTO `Cantante_Favorito`(`IDCantante`, `Nombre_Artistico`, `Genero_musical`) VALUES

( 1 ,'Bad Bunny','Urbano'),
( 2 ,'Travis Scott','Trap'),
( 3 ,'Pink Floyd','Rock'),
( 4 ,'Pailita','Urbano'),
( 5 ,'AK420','Urbano'),
( 6 ,'Nicki Nicole','Pop latino'),
( 7 ,'Duki','Trap'),
( 8 ,'Kidd Keo','Trap'),
( 9 ,'Metallica','Metal'),
( 10 ,'Polima Westcoast','Urbano');

INSERT INTO `Carrera`(`IDCarrera`, `Nombre_de_la_Carrera`, `Semestres`, `Ramo_Favorito`) VALUES 

( 1 ,'Ingenieria Civil en Construccion',10,'Quimica de los materiales'),
( 2 ,'Derecho',12,'Derecho Romano'),
( 3 ,'Pedagogia en Matematicas',10,'Algebra'),
( 4 ,'Psicologia',10,'Psicologia social'),
( 5 ,'Medicina',14,'Neurologia'),
( 6 ,'Artes','10','Arte Latinoamericano'),
( 7 ,'Sociologia',10,'Antropologia'),
( 8 ,'Ingenieria Quimica',10,'Bioquimica'),
( 9 ,'Periodismo',10,'Expresion oral'),
( 10 ,'Ingenieria Industrial',10,'Fisica mecanica'),
( 11 ,'Pedagogia en Ingles',10,'Gramatica'),
( 12 ,'Agronomia',10,'Microbiologia'),
( 13 ,'Filosofia',8,'Latin'),
( 14 ,'Arquitectura',10,'Workshop alpha'),
( 15 ,'Ingenieria Comercial',12,'Economia'),
( 16 ,'Ingenierica Civil Informatica',10,'Bases de Datos'),
( 17 ,'Odontologia',10,'Fisiologia Oral'),
( 18 ,'Turismo',8,'Idiomas');

INSERT INTO `Estudiante`(`IDEstudiante`, `Primer_nombre`, `Primer_Apellido`, `email`, `Edad`) VALUES

( 1 ,'Francisco','Duran','FranciscoDuran@gmail.com',19),
( 2 ,'Francisca','Perez','FranciscaPerez@gmail.com',22),
( 3 ,'Javier','Quezada','JavierQuezada@alu.cl',23),
( 4 ,'Javiera','Gonzales','JavieraGonzales@gmail.com',20),
( 5 ,'Manuel','Garcia','Manuel01@gmail.com',21),
( 6 ,'Valentina','Jimenez','Valentina01@gmail.com',23),
( 7 ,'Belen','Acuna','Belen@gmail.com',24),
( 8 ,'Martin','Godoy','MartinGodoy@gmail.com',18),
( 9 ,'Sebastian','Perez','manogrougretta-6710@yopmail.com',22),
( 10 ,'Ignacia','yanez','zikeuquazuxi-5943@yopmail.com',23),
( 11 ,'Ignacio','Sube','kouttaqueixeuppe-3731@yopmail.com',21),
( 12 ,'Luciano','Revillod','duvuhoigrauffe-3938@yopmail.com',20),
( 13 ,'Polet','Sandoval','kayaquecouddu-5531@yopmail.com',18),
( 14 ,'Monserrat','Ferrada','rikussojaprei-6974@yopmail.com',19),
( 15 ,'Gerardo','Garcia','prafroummeuheffau-4005@yopmail.com',22),
( 16 ,'Eduardo','Jaramillo','xoineitroiwappo-1376@yopmail.com',20),
( 17 ,'Barbara','Soto','creuprecoupomu-1850@yopmail.com',21),
( 18 ,'Paula','Quintanilla','greubreirapraneu-8421@yopmail.com',24),
( 19 ,'Pablo','Perez','loubraullunnusou-3983@yopmail.com',23),
( 20 ,'Omar','Munoz','pullemeileibru-3867@yopmail.com',22),
( 21 ,'Camilo','Parada','tateukireudde-3460@yopmail.com',28),
( 22 ,'Camila','Edward','vaubrauletepa-2434@yopmail.com',28),
( 23 ,'Leonardo','San Martin','bacraprannifre-9100@yopmail.com',19),
( 24 ,'Laura','Ordones','suddollagrafa-2054@yopmail.com',27),
( 25 ,'Luis','Jara','weulleukunaloi-2755@yopmail.com',28),
( 26 ,'Leo','Perez','moufrupullede-4489@yopmail.com',21),
( 27 ,'Fernando','Valenzuela','callutreidiso-1766@yopmail.com',21),
( 28 ,'Fernanda','Lagos','xeumusequeila-4003@yopmail.com',22),
( 29 ,'Rodolfo','Gatica','rewitrulane-4262@yopmail.com',20),
( 30 ,'Andres','Contreras','proiveuxebriquei-4629@yopmail.com',19),
( 31 ,'Andres','Monzon','siquirappuro-3780@yopmail.com',18),
( 32 ,'Raul','Landeros','vuddujuyuheu-1130@yopmail.com',19),
( 33 ,'Gladys','Niche','trappeukapruve-3647@yopmail.com',21),
( 34 ,'Leyla','Severino','wujousitrossu-9295@yopmail.com',20),
( 35 ,'Claudia','Godoy','babavuhaxa-2088@yopmail.com',21),
( 36 ,'Cristobal','Manriquez','vegabequeyi-4203@yopmail.com',22),
( 37 ,'Cristina','Urbina','negimmedoutro-7517@yopmail.com',22),
( 38 ,'Cristian','Perez','fregeussahesu-8227@yopmail.com',18),
( 39 ,'Marcelo','UrIDEstudianteia','pillohogrexa-4587@yopmail.com',19),
( 40 ,'Marcela','Delgado','frillekubeippa-5193@yopmail.com',20),
( 41 ,'Juan','Baeza','voullannafoino-1611@yopmail.com',21),
( 42 ,'Nicolas','Munoz','ficufrofulou-3614@yopmail.com',22),
( 43 ,'Matias','Munoz','koiyourolleugu-6328@yopmail.com',25),
( 44 ,'Jorge','Arias','riraupoxifa-4678@yopmail.com',19),
( 45 ,'Nicolas','Carrasco','pIDEstudianteareinnauseu-9179@yopmail.com',18),
( 46 ,'Jorge','Soto','traxeffemudoi-3858@yopmail.com',18),
( 47 ,'Tomas','Sandoval','hebaugroidapra-4446@yopmail.com',19),
( 48 ,'Mateo','Gutierrez','cIDEstudianterellannoweu-3754@yopmail.com',20),
( 49 ,'Ximena','Perez','seubehevefa-3258@yopmail.com',21),
( 50 ,'Valentina','San Martin','freumaulessoti-7842@yopmail.com',27);


INSERT INTO `Serie_Favorita`(`IDSerie`, `Nombre`, `Genero`) VALUES

( 1 ,'StrangerThings','Ficcion'),
( 2 ,'Dark','Saltos Temporales'),
( 3 ,'The Office','Comedia'),
( 4 ,'Euphoria','Juvenil'),
( 5 ,'Breaking Bad','Crimen'),
( 6 ,'Game Of Thrones','Accion'),
( 7 ,'NCI LA','Accion'),
( 8 ,'Peaky Blinders','Crimen'),
( 9 ,'Anne With an E','Drama'),
( 10 ,'Daredevil','Accion');


INSERT INTO `Taller_Extracurricular`(`IDTaller`, `Nombre`, `Area`) VALUES

( 1 ,'Futbol','Deportes'),
( 2 ,'VoleyBall','Deportes'),
( 3 ,'Basketball','Deportes'),
( 4 ,'Handball','Deportes'),
( 5 ,'Fotografia','Arte'),
( 6 ,'Dibujo','Arte'),
( 7 ,'Acuarelas','Arte'),
( 8 ,'Ajedrez','Entretenimiento'),
( 9 ,'Origami','Arte'),
( 10 ,'Comunitario','Social'),
( 11 ,'Religioso','Social'),
( 12 ,'Musica','Arte'),
( 13 ,'Computacion','Entretenimiento'),
( 14 ,'Tennis','Deporte'),
( 15 ,'Reciclaje','MedioAmbiente');

INSERT INTO `Universidad`(`IDUniversidad`, `Nombre`, `Cede`, `Direccion`, `Numero_de_calle`) 
( 1 ,'Universidad A ','Concepcion','Plaza de Armas',532),
( 2 ,'Universidad B ','Talca','Freire',1021),
( 3 ,'Universidad C','Temuco','Lagos',527),
( 4 ,'Universidad D ','Temuco','Uruguay',902),
( 5 ,'Universidad E ','Valdivia','Cordillera',1112),
( 6 ,'Universidad F','Osorno','Brasil',946);


INSERT INTO `Ficha_de_preferencias_Universitarias`
(`IDFicha`, `IDEstudiante`, `IDUniversidad`, `IDCarrera`, 
`IDTaller`, `IDSerie`, `IDCantante`) VALUES

(1, 1, 1, 1, 1, 1, 1) ,
(2, 2, 2, 2, 2, 2, 2) ,
(3, 3, 3, 3, 3, 3, 3) ,
(4, 4, 4, 4, 4, 4, 4) ,
(5, 5, 5, 5, 5, 5, 5) ,
(6, 6, 6, 6, 6, 6, 6) ,
(7, 7, 1, 7, 7, 7, 7) ,
(8, 8, 2, 8, 8, 8, 8) ,
(9, 9, 3, 9, 9, 9, 9) ,
(10, 10, 4, 10, 10, 10, 10) ,
(11, 11, 5, 11, 11, 1, 1) ,
(12, 12, 6, 12, 12, 2, 2) ,
(13, 13, 1, 13, 13, 3, 3) ,
(14, 14, 2, 14, 14, 4, 4) ,
(15, 15, 3, 15, 15, 5, 5) ,
(16, 16, 4, 16, 1, 6, 6) ,
(17, 17, 5, 17, 2, 7, 7) ,
(18, 18, 6, 18, 3, 8, 8) ,
(19, 19, 1, 1, 4, 9, 9) ,
(20, 20, 2, 2, 5, 10, 10) ,
(21, 21, 3, 3, 6, 1, 1) ,
(22, 22, 4, 4, 7, 2, 2) ,
(23, 23, 5, 5, 8, 3, 3) ,
(24, 24, 6, 6, 9, 4, 4) ,
(25, 25, 1, 7, 10, 5, 5) ,
(26, 26, 2, 8, 11, 6, 6) ,
(27, 27, 3, 9, 12, 7, 7) ,
(28, 28, 4, 10, 13, 8, 8) ,
(29, 29, 5, 11, 14, 9, 9) ,
(30, 30, 6, 12, 15, 10, 10) ,
(31, 31, 1, 13, 1, 1, 1) ,
(32, 32, 2, 14, 2, 2, 2) ,
(33, 33, 3, 15, 3, 3, 3) ,
(34, 34, 4, 16, 4, 4, 4) ,
(35, 35, 5, 17, 5, 5, 5) ,
(36, 36, 6, 18, 6, 6, 6) ,
(37, 37, 1, 1, 7, 7, 7) ,
(38, 38, 2, 2, 8, 8, 8) ,
(39, 39, 3, 3, 9, 9, 9) ,
(40, 40, 4, 4, 10, 10, 10) ,
(41, 41, 5, 5, 11, 1, 1) ,
(42, 42, 6, 6, 12, 2, 2) ,
(43, 43, 1, 7, 13, 3, 3) ,
(44, 44, 2, 8, 14, 4, 4) ,
(45, 45, 3, 9, 15, 5, 5) ,
(46, 46, 4, 10, 1, 6, 6) ,
(47, 47, 5, 11, 2, 7, 7) ,
(48, 48, 6, 12, 3, 8, 8) ,
(49, 49, 1, 13, 4, 9, 9) ,
(50, 50, 2, 14, 5, 10, 10) ;